DROP TABLE message;
CREATE TABLE message (
    ID INT PRIMARY KEY AUTO_INCREMENT,
    COMMAND VARCHAR(16),
    DESCRIPTION VARCHAR(32),
    CONTENT VARCHAR(2048)
) ENGINE=InnoDB CHARSET=utf8;
INSERT INTO message(COMMAND, DESCRIPTION, CONTENT) VALUES ("查看", "精彩内容", "精彩内容");
INSERT INTO message(COMMAND, DESCRIPTION, CONTENT) VALUES ("段子", "精彩段子", "精彩段子");
INSERT INTO message(COMMAND, DESCRIPTION, CONTENT) VALUES ("新闻", "今日头条", "今日头条");
INSERT INTO message(COMMAND, DESCRIPTION, CONTENT) VALUES ("娱乐", "娱乐新闻", "娱乐新闻");
INSERT INTO message(COMMAND, DESCRIPTION, CONTENT) VALUES ("电影", "今日上映大片", "今日上映大片");
INSERT INTO message(COMMAND, DESCRIPTION, CONTENT) VALUES ("彩票", "中奖号码", "中奖号码");

DROP TABLE command;
CREATE TABLE command (
    ID INT PRIMARY KEY NOT NULL PRIMARY KEY ,
    NAME VARCHAR(16),
    DESCRIPTION VARCHAR(32)
) ENGINE=InnoDB CHARSET=utf8;
INSERT INTO command(ID, NAME, DESCRIPTION) VALUES (1, "查看", "精彩内容");
INSERT INTO command(ID, NAME, DESCRIPTION) VALUES (2, "段子", "精彩段子");
INSERT INTO command(ID, NAME, DESCRIPTION) VALUES (3, "新闻", "今日头条");
INSERT INTO command(ID, NAME, DESCRIPTION) VALUES (4, "娱乐", "娱乐新闻");
INSERT INTO command(ID, NAME, DESCRIPTION) VALUES (5, "电影", "今日上映大片");
INSERT INTO command(ID, NAME, DESCRIPTION) VALUES (6, "彩票", "中奖号码");

DROP TABLE command_content;
CREATE TABLE command_content (
    ID INT PRIMARY KEY AUTO_INCREMENT,
    CONTENT VARCHAR(2048),
    COMMAND_ID INT
) ENGINE=InnoDB CHARSET=utf8;
INSERT INTO command_content(CONTENT, COMMAND_ID) VALUES ("精彩内容1", 1);
INSERT INTO command_content(CONTENT, COMMAND_ID) VALUES ("精彩内容2", 1);
INSERT INTO command_content(CONTENT, COMMAND_ID) VALUES ("精彩内容3", 1);
INSERT INTO command_content(CONTENT, COMMAND_ID) VALUES ("精彩内容4", 1);
INSERT INTO command_content(CONTENT, COMMAND_ID) VALUES ("精彩内容5", 1);
INSERT INTO command_content(CONTENT, COMMAND_ID) VALUES ("精彩段子", 2);
INSERT INTO command_content(CONTENT, COMMAND_ID) VALUES ("今日头条", 3);
INSERT INTO command_content(CONTENT, COMMAND_ID) VALUES ("娱乐新闻", 4);
INSERT INTO command_content(CONTENT, COMMAND_ID) VALUES ("今日上映大片", 5);
INSERT INTO command_content(CONTENT, COMMAND_ID) VALUES ("中奖号码", 6);
